{
  "warm_AUC_PR": [
    0.7332262396812439,
    0.7499662041664124
  ],
  "warm_loss": [
    0.07837758958339691,
    0.07812504470348358
  ],
  "warm_val_AUC_PR": [
    0.5,
    0.5
  ],
  "warm_val_loss": [
    0.07296500355005264,
    0.07275216281414032
  ],
  "warm_learning_rate": [
    0.0003000000142492354,
    0.0003000000142492354
  ],
  "fine_AUC_PR": [
    0.7526875138282776,
    0.786020040512085,
    0.7860757112503052,
    0.8194063901901245,
    0.8450563549995422,
    0.8462117910385132,
    0.8594391345977783
  ],
  "fine_loss": [
    0.0808267667889595,
    0.07918910682201385,
    0.07458984851837158,
    0.07302495092153549,
    0.0677509531378746,
    0.0665186420083046,
    0.06452024728059769
  ],
  "fine_val_AUC_PR": [
    0.5,
    0.5,
    0.6153846383094788,
    0.8930027484893799,
    0.8367065191268921,
    0.8292995691299438,
    0.8264240622520447
  ],
  "fine_val_loss": [
    0.07387763261795044,
    0.07554567605257034,
    0.07432690262794495,
    0.07401144504547119,
    0.07080450654029846,
    0.12976057827472687,
    0.06442637741565704
  ],
  "fine_learning_rate": [
    9.999999747378752e-05,
    9.999999747378752e-05,
    9.999999747378752e-05,
    9.999999747378752e-05,
    9.999999747378752e-05,
    9.999999747378752e-05,
    4.999999873689376e-05
  ]
}